{
  "id": "",
  "name": "",
  "font_family": "iconfont",
  "css_prefix_text": "icon-",
  "description": "",
  "glyphs": [
    {
      "icon_id": "209486",
      "name": "视频",
      "font_class": "shipin",
      "unicode": "e6bc",
      "unicode_decimal": 59068
    },
    {
      "icon_id": "711207",
      "name": "图片",
      "font_class": "tupian",
      "unicode": "e629",
      "unicode_decimal": 58921
    },
    {
      "icon_id": "10339261",
      "name": "商品",
      "font_class": "shangpin",
      "unicode": "e65a",
      "unicode_decimal": 58970
    },
    {
      "icon_id": "10949979",
      "name": "关于我们",
      "font_class": "guanyuwomen",
      "unicode": "e601",
      "unicode_decimal": 58881
    }
  ]
}
